{"assets/fonts/ubuntu/SF-Pro-Rounded-Regular.ttf":["assets/fonts/ubuntu/SF-Pro-Rounded-Regular.ttf"],"assets/images/.DS_Store":["assets/images/.DS_Store"],"assets/images/a1.png":["assets/images/a1.png"],"assets/images/a2.png":["assets/images/a2.png"],"assets/images/about_us.png":["assets/images/about_us.png"],"assets/images/address.png":["assets/images/address.png"],"assets/images/all-product.png":["assets/images/all-product.png"],"assets/images/applied_coupon.png":["assets/images/applied_coupon.png"],"assets/images/ar.png":["assets/images/ar.png"],"assets/images/attachment.png":["assets/images/attachment.png"],"assets/images/authentic.png":["assets/images/authentic.png"],"assets/images/background.jpg":["assets/images/background.jpg"],"assets/images/bag.png":["assets/images/bag.png"],"assets/images/billing_to.png":["assets/images/billing_to.png"],"assets/images/bkash.png":["assets/images/bkash.png"],"assets/images/bn.png":["assets/images/bn.png"],"assets/images/c_policy.png":["assets/images/c_policy.png"],"assets/images/call_icon.png":["assets/images/call_icon.png"],"assets/images/cancel.png":["assets/images/cancel.png"],"assets/images/cancel_order.png":["assets/images/cancel_order.png"],"assets/images/cancelled.png":["assets/images/cancelled.png"],"assets/images/cart.png":["assets/images/cart.png"],"assets/images/cart_arrow_down.png":["assets/images/cart_arrow_down.png"],"assets/images/category.png":["assets/images/category.png"],"assets/images/chat.png":["assets/images/chat.png"],"assets/images/chats.png":["assets/images/chats.png"],"assets/images/city.png":["assets/images/city.png"],"assets/images/cloud-download.png":["assets/images/cloud-download.png"],"assets/images/cod.png":["assets/images/cod.png"],"assets/images/coin_credit.png":["assets/images/coin_credit.png"],"assets/images/coin_debit.png":["assets/images/coin_debit.png"],"assets/images/compare.png":["assets/images/compare.png"],"assets/images/complaint.png":["assets/images/complaint.png"],"assets/images/contact_info_icon.png":["assets/images/contact_info_icon.png"],"assets/images/contact_us.png":["assets/images/contact_us.png"],"assets/images/contact_us_bg.png":["assets/images/contact_us_bg.png"],"assets/images/country.png":["assets/images/country.png"],"assets/images/coupon.png":["assets/images/coupon.png"],"assets/images/coupon_banner.png":["assets/images/coupon_banner.png"],"assets/images/currency.png":["assets/images/currency.png"],"assets/images/current_shape.png":["assets/images/current_shape.png"],"assets/images/date_time_icon.png":["assets/images/date_time_icon.png"],"assets/images/deal_of_day_icon.png":["assets/images/deal_of_day_icon.png"],"assets/images/delete.png":["assets/images/delete.png"],"assets/images/deliverd_icon.png":["assets/images/deliverd_icon.png"],"assets/images/delivery.png":["assets/images/delivery.png"],"assets/images/delivery_to.png":["assets/images/delivery_to.png"],"assets/images/dollar_icon.png":["assets/images/dollar_icon.png"],"assets/images/dropdown.png":["assets/images/dropdown.png"],"assets/images/e_coupon.png":["assets/images/e_coupon.png"],"assets/images/edit.png":["assets/images/edit.png"],"assets/images/edit_2.png":["assets/images/edit_2.png"],"assets/images/email.png":["assets/images/email.png"],"assets/images/emoji.png":["assets/images/emoji.png"],"assets/images/empty_cart.png":["assets/images/empty_cart.png"],"assets/images/empty_product.png":["assets/images/empty_product.png"],"assets/images/en.png":["assets/images/en.png"],"assets/images/es.png":["assets/images/es.png"],"assets/images/exit_icon.png":["assets/images/exit_icon.png"],"assets/images/facebook.png":["assets/images/facebook.png"],"assets/images/faq.png":["assets/images/faq.png"],"assets/images/fast_delivery.png":["assets/images/fast_delivery.png"],"assets/images/fawry_pay.png":["assets/images/fawry_pay.png"],"assets/images/filter.png":["assets/images/filter.png"],"assets/images/filter.svg":["assets/images/filter.svg"],"assets/images/first_order.png":["assets/images/first_order.png"],"assets/images/flash_deal.png":["assets/images/flash_deal.png"],"assets/images/flutterwave.png":["assets/images/flutterwave.png"],"assets/images/free-shipping.png":["assets/images/free-shipping.png"],"assets/images/free_coupon.png":["assets/images/free_coupon.png"],"assets/images/google.png":["assets/images/google.png"],"assets/images/guest_profile.png":["assets/images/guest_profile.png"],"assets/images/help_center.png":["assets/images/help_center.png"],"assets/images/home.png":["assets/images/home.png"],"assets/images/iMark.png":["assets/images/iMark.png"],"assets/images/icon.png":["assets/images/icon.png"],"assets/images/in.png":["assets/images/in.png"],"assets/images/inbox.png":["assets/images/inbox.png"],"assets/images/info_query.png":["assets/images/info_query.png"],"assets/images/language.png":["assets/images/language.png"],"assets/images/left.png":["assets/images/left.png"],"assets/images/liqpay.png":["assets/images/liqpay.png"],"assets/images/location.png":["assets/images/location.png"],"assets/images/log_out.png":["assets/images/log_out.png"],"assets/images/login.png":["assets/images/login.png"],"assets/images/login_bg.png":["assets/images/login_bg.png"],"assets/images/login_icon.png":["assets/images/login_icon.png"],"assets/images/logo.png":["assets/images/logo.png"],"assets/images/logo_splash.png":["assets/images/logo_splash.png"],"assets/images/logo_with_name.png":["assets/images/logo_with_name.png"],"assets/images/logo_with_name_white.png":["assets/images/logo_with_name_white.png"],"assets/images/logout.png":["assets/images/logout.png"],"assets/images/loyality_point_bg_icon.png":["assets/images/loyality_point_bg_icon.png"],"assets/images/loyalty.png":["assets/images/loyalty.png"],"assets/images/loyalty_point.png":["assets/images/loyalty_point.png"],"assets/images/maintenance.png":["assets/images/maintenance.png"],"assets/images/map_bg.png":["assets/images/map_bg.png"],"assets/images/mastercard.png":["assets/images/mastercard.png"],"assets/images/mercadopago.png":["assets/images/mercadopago.png"],"assets/images/message.png":["assets/images/message.png"],"assets/images/more.png":["assets/images/more.png"],"assets/images/more_filled.png":["assets/images/more_filled.png"],"assets/images/more_page_header.png":["assets/images/more_page_header.png"],"assets/images/my_order.png":["assets/images/my_order.png"],"assets/images/no_address.png":["assets/images/no_address.png"],"assets/images/no_coupon.png":["assets/images/no_coupon.png"],"assets/images/no_data.png":["assets/images/no_data.png"],"assets/images/no_inbox.png":["assets/images/no_inbox.png"],"assets/images/no_notification.png":["assets/images/no_notification.png"],"assets/images/no_offer.png":["assets/images/no_offer.png"],"assets/images/no_order.png":["assets/images/no_order.png"],"assets/images/no_product.png":["assets/images/no_product.png"],"assets/images/no_ticket.png":["assets/images/no_ticket.png"],"assets/images/no_transaction.png":["assets/images/no_transaction.png"],"assets/images/no_wishlist.png":["assets/images/no_wishlist.png"],"assets/images/notification.png":["assets/images/notification.png"],"assets/images/notification_filled.png":["assets/images/notification_filled.png"],"assets/images/offer_icon.png":["assets/images/offer_icon.png"],"assets/images/offers.png":["assets/images/offers.png"],"assets/images/office.png":["assets/images/office.png"],"assets/images/offline_pay.png":["assets/images/offline_pay.png"],"assets/images/offline_payment.png":["assets/images/offline_payment.png"],"assets/images/onboarding_image_one.png":["assets/images/onboarding_image_one.png"],"assets/images/onboarding_image_three.png":["assets/images/onboarding_image_three.png"],"assets/images/onboarding_image_two.png":["assets/images/onboarding_image_two.png"],"assets/images/opps_internet.png":["assets/images/opps_internet.png"],"assets/images/order.png":["assets/images/order.png"],"assets/images/order_confirmed.png":["assets/images/order_confirmed.png"],"assets/images/order_id_icon.png":["assets/images/order_id_icon.png"],"assets/images/order_place_icon.png":["assets/images/order_place_icon.png"],"assets/images/out_for_delivery_icon.png":["assets/images/out_for_delivery_icon.png"],"assets/images/partner_request.png":["assets/images/partner_request.png"],"assets/images/pass.png":["assets/images/pass.png"],"assets/images/pay_wallet.png":["assets/images/pay_wallet.png"],"assets/images/paymob.png":["assets/images/paymob.png"],"assets/images/paypal.png":["assets/images/paypal.png"],"assets/images/paystack.png":["assets/images/paystack.png"],"assets/images/paytabs.png":["assets/images/paytabs.png"],"assets/images/paytm.png":["assets/images/paytm.png"],"assets/images/placeholder.jpg":["assets/images/placeholder.jpg"],"assets/images/placeholder.png":["assets/images/placeholder.png"],"assets/images/placeholder_1x1.png":["assets/images/placeholder_1x1.png"],"assets/images/placeholder_3x1.png":["assets/images/placeholder_3x1.png"],"assets/images/preference.png":["assets/images/preference.png"],"assets/images/privacy_policy.png":["assets/images/privacy_policy.png"],"assets/images/razorpay.png":["assets/images/razorpay.png"],"assets/images/ref_and_earn.png":["assets/images/ref_and_earn.png"],"assets/images/referAndEarn.png":["assets/images/referAndEarn.png"],"assets/images/refund_policy.png":["assets/images/refund_policy.png"],"assets/images/remove_address.png":["assets/images/remove_address.png"],"assets/images/remove_wish.png":["assets/images/remove_wish.png"],"assets/images/reset.png":["assets/images/reset.png"],"assets/images/return_policy.png":["assets/images/return_policy.png"],"assets/images/right.png":["assets/images/right.png"],"assets/images/safe_payment.png":["assets/images/safe_payment.png"],"assets/images/search.png":["assets/images/search.png"],"assets/images/search_icon.png":["assets/images/search_icon.png"],"assets/images/seller_coupon.png":["assets/images/seller_coupon.png"],"assets/images/senang.png":["assets/images/senang.png"],"assets/images/send.png":["assets/images/send.png"],"assets/images/settings.png":["assets/images/settings.png"],"assets/images/seven_day_return.png":["assets/images/seven_day_return.png"],"assets/images/shadow.png":["assets/images/shadow.png"],"assets/images/share.png":["assets/images/share.png"],"assets/images/shipment.png":["assets/images/shipment.png"],"assets/images/shopping.png":["assets/images/shopping.png"],"assets/images/sms_icon.png":["assets/images/sms_icon.png"],"assets/images/sort.png":["assets/images/sort.png"],"assets/images/ssl_commerz.png":["assets/images/ssl_commerz.png"],"assets/images/star.png":["assets/images/star.png"],"assets/images/store_icon.png":["assets/images/store_icon.png"],"assets/images/stripe.png":["assets/images/stripe.png"],"assets/images/sunny-day.png":["assets/images/sunny-day.png"],"assets/images/support.png":["assets/images/support.png"],"assets/images/terms-and-conditions.png":["assets/images/terms-and-conditions.png"],"assets/images/termsandcondition.png":["assets/images/termsandcondition.png"],"assets/images/theme.png":["assets/images/theme.png"],"assets/images/theme_icon.png":["assets/images/theme_icon.png"],"assets/images/toolbar_background.jpg":["assets/images/toolbar_background.jpg"],"assets/images/track_order.png":["assets/images/track_order.png"],"assets/images/track_order_bg.png":["assets/images/track_order_bg.png"],"assets/images/trophy.png":["assets/images/trophy.png"],"assets/images/upload_image.png":["assets/images/upload_image.png"],"assets/images/user.png":["assets/images/user.png"],"assets/images/username.png":["assets/images/username.png"],"assets/images/visa.png":["assets/images/visa.png"],"assets/images/wallet.png":["assets/images/wallet.png"],"assets/images/wallet_bonus.png":["assets/images/wallet_bonus.png"],"assets/images/wallet_pay.png":["assets/images/wallet_pay.png"],"assets/images/website_problem.png":["assets/images/website_problem.png"],"assets/images/wish.png":["assets/images/wish.png"],"assets/images/wishlist.png":["assets/images/wishlist.png"],"assets/images/your_point.png":["assets/images/your_point.png"],"assets/language/ar.json":["assets/language/ar.json"],"assets/language/bn.json":["assets/language/bn.json"],"assets/language/en.json":["assets/language/en.json"],"assets/language/es.json":["assets/language/es.json"],"assets/language/hi.json":["assets/language/hi.json"],"packages/country_code_picker/flags/ad.png":["packages/country_code_picker/flags/ad.png"],"packages/country_code_picker/flags/ae.png":["packages/country_code_picker/flags/ae.png"],"packages/country_code_picker/flags/af.png":["packages/country_code_picker/flags/af.png"],"packages/country_code_picker/flags/ag.png":["packages/country_code_picker/flags/ag.png"],"packages/country_code_picker/flags/ai.png":["packages/country_code_picker/flags/ai.png"],"packages/country_code_picker/flags/al.png":["packages/country_code_picker/flags/al.png"],"packages/country_code_picker/flags/am.png":["packages/country_code_picker/flags/am.png"],"packages/country_code_picker/flags/an.png":["packages/country_code_picker/flags/an.png"],"packages/country_code_picker/flags/ao.png":["packages/country_code_picker/flags/ao.png"],"packages/country_code_picker/flags/aq.png":["packages/country_code_picker/flags/aq.png"],"packages/country_code_picker/flags/ar.png":["packages/country_code_picker/flags/ar.png"],"packages/country_code_picker/flags/as.png":["packages/country_code_picker/flags/as.png"],"packages/country_code_picker/flags/at.png":["packages/country_code_picker/flags/at.png"],"packages/country_code_picker/flags/au.png":["packages/country_code_picker/flags/au.png"],"packages/country_code_picker/flags/aw.png":["packages/country_code_picker/flags/aw.png"],"packages/country_code_picker/flags/ax.png":["packages/country_code_picker/flags/ax.png"],"packages/country_code_picker/flags/az.png":["packages/country_code_picker/flags/az.png"],"packages/country_code_picker/flags/ba.png":["packages/country_code_picker/flags/ba.png"],"packages/country_code_picker/flags/bb.png":["packages/country_code_picker/flags/bb.png"],"packages/country_code_picker/flags/bd.png":["packages/country_code_picker/flags/bd.png"],"packages/country_code_picker/flags/be.png":["packages/country_code_picker/flags/be.png"],"packages/country_code_picker/flags/bf.png":["packages/country_code_picker/flags/bf.png"],"packages/country_code_picker/flags/bg.png":["packages/country_code_picker/flags/bg.png"],"packages/country_code_picker/flags/bh.png":["packages/country_code_picker/flags/bh.png"],"packages/country_code_picker/flags/bi.png":["packages/country_code_picker/flags/bi.png"],"packages/country_code_picker/flags/bj.png":["packages/country_code_picker/flags/bj.png"],"packages/country_code_picker/flags/bl.png":["packages/country_code_picker/flags/bl.png"],"packages/country_code_picker/flags/bm.png":["packages/country_code_picker/flags/bm.png"],"packages/country_code_picker/flags/bn.png":["packages/country_code_picker/flags/bn.png"],"packages/country_code_picker/flags/bo.png":["packages/country_code_picker/flags/bo.png"],"packages/country_code_picker/flags/bq.png":["packages/country_code_picker/flags/bq.png"],"packages/country_code_picker/flags/br.png":["packages/country_code_picker/flags/br.png"],"packages/country_code_picker/flags/bs.png":["packages/country_code_picker/flags/bs.png"],"packages/country_code_picker/flags/bt.png":["packages/country_code_picker/flags/bt.png"],"packages/country_code_picker/flags/bv.png":["packages/country_code_picker/flags/bv.png"],"packages/country_code_picker/flags/bw.png":["packages/country_code_picker/flags/bw.png"],"packages/country_code_picker/flags/by.png":["packages/country_code_picker/flags/by.png"],"packages/country_code_picker/flags/bz.png":["packages/country_code_picker/flags/bz.png"],"packages/country_code_picker/flags/ca.png":["packages/country_code_picker/flags/ca.png"],"packages/country_code_picker/flags/cc.png":["packages/country_code_picker/flags/cc.png"],"packages/country_code_picker/flags/cd.png":["packages/country_code_picker/flags/cd.png"],"packages/country_code_picker/flags/cf.png":["packages/country_code_picker/flags/cf.png"],"packages/country_code_picker/flags/cg.png":["packages/country_code_picker/flags/cg.png"],"packages/country_code_picker/flags/ch.png":["packages/country_code_picker/flags/ch.png"],"packages/country_code_picker/flags/ci.png":["packages/country_code_picker/flags/ci.png"],"packages/country_code_picker/flags/ck.png":["packages/country_code_picker/flags/ck.png"],"packages/country_code_picker/flags/cl.png":["packages/country_code_picker/flags/cl.png"],"packages/country_code_picker/flags/cm.png":["packages/country_code_picker/flags/cm.png"],"packages/country_code_picker/flags/cn.png":["packages/country_code_picker/flags/cn.png"],"packages/country_code_picker/flags/co.png":["packages/country_code_picker/flags/co.png"],"packages/country_code_picker/flags/cr.png":["packages/country_code_picker/flags/cr.png"],"packages/country_code_picker/flags/cu.png":["packages/country_code_picker/flags/cu.png"],"packages/country_code_picker/flags/cv.png":["packages/country_code_picker/flags/cv.png"],"packages/country_code_picker/flags/cw.png":["packages/country_code_picker/flags/cw.png"],"packages/country_code_picker/flags/cx.png":["packages/country_code_picker/flags/cx.png"],"packages/country_code_picker/flags/cy.png":["packages/country_code_picker/flags/cy.png"],"packages/country_code_picker/flags/cz.png":["packages/country_code_picker/flags/cz.png"],"packages/country_code_picker/flags/de.png":["packages/country_code_picker/flags/de.png"],"packages/country_code_picker/flags/dj.png":["packages/country_code_picker/flags/dj.png"],"packages/country_code_picker/flags/dk.png":["packages/country_code_picker/flags/dk.png"],"packages/country_code_picker/flags/dm.png":["packages/country_code_picker/flags/dm.png"],"packages/country_code_picker/flags/do.png":["packages/country_code_picker/flags/do.png"],"packages/country_code_picker/flags/dz.png":["packages/country_code_picker/flags/dz.png"],"packages/country_code_picker/flags/ec.png":["packages/country_code_picker/flags/ec.png"],"packages/country_code_picker/flags/ee.png":["packages/country_code_picker/flags/ee.png"],"packages/country_code_picker/flags/eg.png":["packages/country_code_picker/flags/eg.png"],"packages/country_code_picker/flags/eh.png":["packages/country_code_picker/flags/eh.png"],"packages/country_code_picker/flags/er.png":["packages/country_code_picker/flags/er.png"],"packages/country_code_picker/flags/es.png":["packages/country_code_picker/flags/es.png"],"packages/country_code_picker/flags/et.png":["packages/country_code_picker/flags/et.png"],"packages/country_code_picker/flags/eu.png":["packages/country_code_picker/flags/eu.png"],"packages/country_code_picker/flags/fi.png":["packages/country_code_picker/flags/fi.png"],"packages/country_code_picker/flags/fj.png":["packages/country_code_picker/flags/fj.png"],"packages/country_code_picker/flags/fk.png":["packages/country_code_picker/flags/fk.png"],"packages/country_code_picker/flags/fm.png":["packages/country_code_picker/flags/fm.png"],"packages/country_code_picker/flags/fo.png":["packages/country_code_picker/flags/fo.png"],"packages/country_code_picker/flags/fr.png":["packages/country_code_picker/flags/fr.png"],"packages/country_code_picker/flags/ga.png":["packages/country_code_picker/flags/ga.png"],"packages/country_code_picker/flags/gb-eng.png":["packages/country_code_picker/flags/gb-eng.png"],"packages/country_code_picker/flags/gb-nir.png":["packages/country_code_picker/flags/gb-nir.png"],"packages/country_code_picker/flags/gb-sct.png":["packages/country_code_picker/flags/gb-sct.png"],"packages/country_code_picker/flags/gb-wls.png":["packages/country_code_picker/flags/gb-wls.png"],"packages/country_code_picker/flags/gb.png":["packages/country_code_picker/flags/gb.png"],"packages/country_code_picker/flags/gd.png":["packages/country_code_picker/flags/gd.png"],"packages/country_code_picker/flags/ge.png":["packages/country_code_picker/flags/ge.png"],"packages/country_code_picker/flags/gf.png":["packages/country_code_picker/flags/gf.png"],"packages/country_code_picker/flags/gg.png":["packages/country_code_picker/flags/gg.png"],"packages/country_code_picker/flags/gh.png":["packages/country_code_picker/flags/gh.png"],"packages/country_code_picker/flags/gi.png":["packages/country_code_picker/flags/gi.png"],"packages/country_code_picker/flags/gl.png":["packages/country_code_picker/flags/gl.png"],"packages/country_code_picker/flags/gm.png":["packages/country_code_picker/flags/gm.png"],"packages/country_code_picker/flags/gn.png":["packages/country_code_picker/flags/gn.png"],"packages/country_code_picker/flags/gp.png":["packages/country_code_picker/flags/gp.png"],"packages/country_code_picker/flags/gq.png":["packages/country_code_picker/flags/gq.png"],"packages/country_code_picker/flags/gr.png":["packages/country_code_picker/flags/gr.png"],"packages/country_code_picker/flags/gs.png":["packages/country_code_picker/flags/gs.png"],"packages/country_code_picker/flags/gt.png":["packages/country_code_picker/flags/gt.png"],"packages/country_code_picker/flags/gu.png":["packages/country_code_picker/flags/gu.png"],"packages/country_code_picker/flags/gw.png":["packages/country_code_picker/flags/gw.png"],"packages/country_code_picker/flags/gy.png":["packages/country_code_picker/flags/gy.png"],"packages/country_code_picker/flags/hk.png":["packages/country_code_picker/flags/hk.png"],"packages/country_code_picker/flags/hm.png":["packages/country_code_picker/flags/hm.png"],"packages/country_code_picker/flags/hn.png":["packages/country_code_picker/flags/hn.png"],"packages/country_code_picker/flags/hr.png":["packages/country_code_picker/flags/hr.png"],"packages/country_code_picker/flags/ht.png":["packages/country_code_picker/flags/ht.png"],"packages/country_code_picker/flags/hu.png":["packages/country_code_picker/flags/hu.png"],"packages/country_code_picker/flags/id.png":["packages/country_code_picker/flags/id.png"],"packages/country_code_picker/flags/ie.png":["packages/country_code_picker/flags/ie.png"],"packages/country_code_picker/flags/il.png":["packages/country_code_picker/flags/il.png"],"packages/country_code_picker/flags/im.png":["packages/country_code_picker/flags/im.png"],"packages/country_code_picker/flags/in.png":["packages/country_code_picker/flags/in.png"],"packages/country_code_picker/flags/io.png":["packages/country_code_picker/flags/io.png"],"packages/country_code_picker/flags/iq.png":["packages/country_code_picker/flags/iq.png"],"packages/country_code_picker/flags/ir.png":["packages/country_code_picker/flags/ir.png"],"packages/country_code_picker/flags/is.png":["packages/country_code_picker/flags/is.png"],"packages/country_code_picker/flags/it.png":["packages/country_code_picker/flags/it.png"],"packages/country_code_picker/flags/je.png":["packages/country_code_picker/flags/je.png"],"packages/country_code_picker/flags/jm.png":["packages/country_code_picker/flags/jm.png"],"packages/country_code_picker/flags/jo.png":["packages/country_code_picker/flags/jo.png"],"packages/country_code_picker/flags/jp.png":["packages/country_code_picker/flags/jp.png"],"packages/country_code_picker/flags/ke.png":["packages/country_code_picker/flags/ke.png"],"packages/country_code_picker/flags/kg.png":["packages/country_code_picker/flags/kg.png"],"packages/country_code_picker/flags/kh.png":["packages/country_code_picker/flags/kh.png"],"packages/country_code_picker/flags/ki.png":["packages/country_code_picker/flags/ki.png"],"packages/country_code_picker/flags/km.png":["packages/country_code_picker/flags/km.png"],"packages/country_code_picker/flags/kn.png":["packages/country_code_picker/flags/kn.png"],"packages/country_code_picker/flags/kp.png":["packages/country_code_picker/flags/kp.png"],"packages/country_code_picker/flags/kr.png":["packages/country_code_picker/flags/kr.png"],"packages/country_code_picker/flags/kw.png":["packages/country_code_picker/flags/kw.png"],"packages/country_code_picker/flags/ky.png":["packages/country_code_picker/flags/ky.png"],"packages/country_code_picker/flags/kz.png":["packages/country_code_picker/flags/kz.png"],"packages/country_code_picker/flags/la.png":["packages/country_code_picker/flags/la.png"],"packages/country_code_picker/flags/lb.png":["packages/country_code_picker/flags/lb.png"],"packages/country_code_picker/flags/lc.png":["packages/country_code_picker/flags/lc.png"],"packages/country_code_picker/flags/li.png":["packages/country_code_picker/flags/li.png"],"packages/country_code_picker/flags/lk.png":["packages/country_code_picker/flags/lk.png"],"packages/country_code_picker/flags/lr.png":["packages/country_code_picker/flags/lr.png"],"packages/country_code_picker/flags/ls.png":["packages/country_code_picker/flags/ls.png"],"packages/country_code_picker/flags/lt.png":["packages/country_code_picker/flags/lt.png"],"packages/country_code_picker/flags/lu.png":["packages/country_code_picker/flags/lu.png"],"packages/country_code_picker/flags/lv.png":["packages/country_code_picker/flags/lv.png"],"packages/country_code_picker/flags/ly.png":["packages/country_code_picker/flags/ly.png"],"packages/country_code_picker/flags/ma.png":["packages/country_code_picker/flags/ma.png"],"packages/country_code_picker/flags/mc.png":["packages/country_code_picker/flags/mc.png"],"packages/country_code_picker/flags/md.png":["packages/country_code_picker/flags/md.png"],"packages/country_code_picker/flags/me.png":["packages/country_code_picker/flags/me.png"],"packages/country_code_picker/flags/mf.png":["packages/country_code_picker/flags/mf.png"],"packages/country_code_picker/flags/mg.png":["packages/country_code_picker/flags/mg.png"],"packages/country_code_picker/flags/mh.png":["packages/country_code_picker/flags/mh.png"],"packages/country_code_picker/flags/mk.png":["packages/country_code_picker/flags/mk.png"],"packages/country_code_picker/flags/ml.png":["packages/country_code_picker/flags/ml.png"],"packages/country_code_picker/flags/mm.png":["packages/country_code_picker/flags/mm.png"],"packages/country_code_picker/flags/mn.png":["packages/country_code_picker/flags/mn.png"],"packages/country_code_picker/flags/mo.png":["packages/country_code_picker/flags/mo.png"],"packages/country_code_picker/flags/mp.png":["packages/country_code_picker/flags/mp.png"],"packages/country_code_picker/flags/mq.png":["packages/country_code_picker/flags/mq.png"],"packages/country_code_picker/flags/mr.png":["packages/country_code_picker/flags/mr.png"],"packages/country_code_picker/flags/ms.png":["packages/country_code_picker/flags/ms.png"],"packages/country_code_picker/flags/mt.png":["packages/country_code_picker/flags/mt.png"],"packages/country_code_picker/flags/mu.png":["packages/country_code_picker/flags/mu.png"],"packages/country_code_picker/flags/mv.png":["packages/country_code_picker/flags/mv.png"],"packages/country_code_picker/flags/mw.png":["packages/country_code_picker/flags/mw.png"],"packages/country_code_picker/flags/mx.png":["packages/country_code_picker/flags/mx.png"],"packages/country_code_picker/flags/my.png":["packages/country_code_picker/flags/my.png"],"packages/country_code_picker/flags/mz.png":["packages/country_code_picker/flags/mz.png"],"packages/country_code_picker/flags/na.png":["packages/country_code_picker/flags/na.png"],"packages/country_code_picker/flags/nc.png":["packages/country_code_picker/flags/nc.png"],"packages/country_code_picker/flags/ne.png":["packages/country_code_picker/flags/ne.png"],"packages/country_code_picker/flags/nf.png":["packages/country_code_picker/flags/nf.png"],"packages/country_code_picker/flags/ng.png":["packages/country_code_picker/flags/ng.png"],"packages/country_code_picker/flags/ni.png":["packages/country_code_picker/flags/ni.png"],"packages/country_code_picker/flags/nl.png":["packages/country_code_picker/flags/nl.png"],"packages/country_code_picker/flags/no.png":["packages/country_code_picker/flags/no.png"],"packages/country_code_picker/flags/np.png":["packages/country_code_picker/flags/np.png"],"packages/country_code_picker/flags/nr.png":["packages/country_code_picker/flags/nr.png"],"packages/country_code_picker/flags/nu.png":["packages/country_code_picker/flags/nu.png"],"packages/country_code_picker/flags/nz.png":["packages/country_code_picker/flags/nz.png"],"packages/country_code_picker/flags/om.png":["packages/country_code_picker/flags/om.png"],"packages/country_code_picker/flags/pa.png":["packages/country_code_picker/flags/pa.png"],"packages/country_code_picker/flags/pe.png":["packages/country_code_picker/flags/pe.png"],"packages/country_code_picker/flags/pf.png":["packages/country_code_picker/flags/pf.png"],"packages/country_code_picker/flags/pg.png":["packages/country_code_picker/flags/pg.png"],"packages/country_code_picker/flags/ph.png":["packages/country_code_picker/flags/ph.png"],"packages/country_code_picker/flags/pk.png":["packages/country_code_picker/flags/pk.png"],"packages/country_code_picker/flags/pl.png":["packages/country_code_picker/flags/pl.png"],"packages/country_code_picker/flags/pm.png":["packages/country_code_picker/flags/pm.png"],"packages/country_code_picker/flags/pn.png":["packages/country_code_picker/flags/pn.png"],"packages/country_code_picker/flags/pr.png":["packages/country_code_picker/flags/pr.png"],"packages/country_code_picker/flags/ps.png":["packages/country_code_picker/flags/ps.png"],"packages/country_code_picker/flags/pt.png":["packages/country_code_picker/flags/pt.png"],"packages/country_code_picker/flags/pw.png":["packages/country_code_picker/flags/pw.png"],"packages/country_code_picker/flags/py.png":["packages/country_code_picker/flags/py.png"],"packages/country_code_picker/flags/qa.png":["packages/country_code_picker/flags/qa.png"],"packages/country_code_picker/flags/re.png":["packages/country_code_picker/flags/re.png"],"packages/country_code_picker/flags/ro.png":["packages/country_code_picker/flags/ro.png"],"packages/country_code_picker/flags/rs.png":["packages/country_code_picker/flags/rs.png"],"packages/country_code_picker/flags/ru.png":["packages/country_code_picker/flags/ru.png"],"packages/country_code_picker/flags/rw.png":["packages/country_code_picker/flags/rw.png"],"packages/country_code_picker/flags/sa.png":["packages/country_code_picker/flags/sa.png"],"packages/country_code_picker/flags/sb.png":["packages/country_code_picker/flags/sb.png"],"packages/country_code_picker/flags/sc.png":["packages/country_code_picker/flags/sc.png"],"packages/country_code_picker/flags/sd.png":["packages/country_code_picker/flags/sd.png"],"packages/country_code_picker/flags/se.png":["packages/country_code_picker/flags/se.png"],"packages/country_code_picker/flags/sg.png":["packages/country_code_picker/flags/sg.png"],"packages/country_code_picker/flags/sh.png":["packages/country_code_picker/flags/sh.png"],"packages/country_code_picker/flags/si.png":["packages/country_code_picker/flags/si.png"],"packages/country_code_picker/flags/sj.png":["packages/country_code_picker/flags/sj.png"],"packages/country_code_picker/flags/sk.png":["packages/country_code_picker/flags/sk.png"],"packages/country_code_picker/flags/sl.png":["packages/country_code_picker/flags/sl.png"],"packages/country_code_picker/flags/sm.png":["packages/country_code_picker/flags/sm.png"],"packages/country_code_picker/flags/sn.png":["packages/country_code_picker/flags/sn.png"],"packages/country_code_picker/flags/so.png":["packages/country_code_picker/flags/so.png"],"packages/country_code_picker/flags/sr.png":["packages/country_code_picker/flags/sr.png"],"packages/country_code_picker/flags/ss.png":["packages/country_code_picker/flags/ss.png"],"packages/country_code_picker/flags/st.png":["packages/country_code_picker/flags/st.png"],"packages/country_code_picker/flags/sv.png":["packages/country_code_picker/flags/sv.png"],"packages/country_code_picker/flags/sx.png":["packages/country_code_picker/flags/sx.png"],"packages/country_code_picker/flags/sy.png":["packages/country_code_picker/flags/sy.png"],"packages/country_code_picker/flags/sz.png":["packages/country_code_picker/flags/sz.png"],"packages/country_code_picker/flags/tc.png":["packages/country_code_picker/flags/tc.png"],"packages/country_code_picker/flags/td.png":["packages/country_code_picker/flags/td.png"],"packages/country_code_picker/flags/tf.png":["packages/country_code_picker/flags/tf.png"],"packages/country_code_picker/flags/tg.png":["packages/country_code_picker/flags/tg.png"],"packages/country_code_picker/flags/th.png":["packages/country_code_picker/flags/th.png"],"packages/country_code_picker/flags/tj.png":["packages/country_code_picker/flags/tj.png"],"packages/country_code_picker/flags/tk.png":["packages/country_code_picker/flags/tk.png"],"packages/country_code_picker/flags/tl.png":["packages/country_code_picker/flags/tl.png"],"packages/country_code_picker/flags/tm.png":["packages/country_code_picker/flags/tm.png"],"packages/country_code_picker/flags/tn.png":["packages/country_code_picker/flags/tn.png"],"packages/country_code_picker/flags/to.png":["packages/country_code_picker/flags/to.png"],"packages/country_code_picker/flags/tr.png":["packages/country_code_picker/flags/tr.png"],"packages/country_code_picker/flags/tt.png":["packages/country_code_picker/flags/tt.png"],"packages/country_code_picker/flags/tv.png":["packages/country_code_picker/flags/tv.png"],"packages/country_code_picker/flags/tw.png":["packages/country_code_picker/flags/tw.png"],"packages/country_code_picker/flags/tz.png":["packages/country_code_picker/flags/tz.png"],"packages/country_code_picker/flags/ua.png":["packages/country_code_picker/flags/ua.png"],"packages/country_code_picker/flags/ug.png":["packages/country_code_picker/flags/ug.png"],"packages/country_code_picker/flags/um.png":["packages/country_code_picker/flags/um.png"],"packages/country_code_picker/flags/us.png":["packages/country_code_picker/flags/us.png"],"packages/country_code_picker/flags/uy.png":["packages/country_code_picker/flags/uy.png"],"packages/country_code_picker/flags/uz.png":["packages/country_code_picker/flags/uz.png"],"packages/country_code_picker/flags/va.png":["packages/country_code_picker/flags/va.png"],"packages/country_code_picker/flags/vc.png":["packages/country_code_picker/flags/vc.png"],"packages/country_code_picker/flags/ve.png":["packages/country_code_picker/flags/ve.png"],"packages/country_code_picker/flags/vg.png":["packages/country_code_picker/flags/vg.png"],"packages/country_code_picker/flags/vi.png":["packages/country_code_picker/flags/vi.png"],"packages/country_code_picker/flags/vn.png":["packages/country_code_picker/flags/vn.png"],"packages/country_code_picker/flags/vu.png":["packages/country_code_picker/flags/vu.png"],"packages/country_code_picker/flags/wf.png":["packages/country_code_picker/flags/wf.png"],"packages/country_code_picker/flags/ws.png":["packages/country_code_picker/flags/ws.png"],"packages/country_code_picker/flags/xk.png":["packages/country_code_picker/flags/xk.png"],"packages/country_code_picker/flags/ye.png":["packages/country_code_picker/flags/ye.png"],"packages/country_code_picker/flags/yt.png":["packages/country_code_picker/flags/yt.png"],"packages/country_code_picker/flags/za.png":["packages/country_code_picker/flags/za.png"],"packages/country_code_picker/flags/zm.png":["packages/country_code_picker/flags/zm.png"],"packages/country_code_picker/flags/zw.png":["packages/country_code_picker/flags/zw.png"],"packages/country_code_picker/src/i18n/af.json":["packages/country_code_picker/src/i18n/af.json"],"packages/country_code_picker/src/i18n/am.json":["packages/country_code_picker/src/i18n/am.json"],"packages/country_code_picker/src/i18n/ar.json":["packages/country_code_picker/src/i18n/ar.json"],"packages/country_code_picker/src/i18n/az.json":["packages/country_code_picker/src/i18n/az.json"],"packages/country_code_picker/src/i18n/be.json":["packages/country_code_picker/src/i18n/be.json"],"packages/country_code_picker/src/i18n/bg.json":["packages/country_code_picker/src/i18n/bg.json"],"packages/country_code_picker/src/i18n/bn.json":["packages/country_code_picker/src/i18n/bn.json"],"packages/country_code_picker/src/i18n/bs.json":["packages/country_code_picker/src/i18n/bs.json"],"packages/country_code_picker/src/i18n/ca.json":["packages/country_code_picker/src/i18n/ca.json"],"packages/country_code_picker/src/i18n/cs.json":["packages/country_code_picker/src/i18n/cs.json"],"packages/country_code_picker/src/i18n/da.json":["packages/country_code_picker/src/i18n/da.json"],"packages/country_code_picker/src/i18n/de.json":["packages/country_code_picker/src/i18n/de.json"],"packages/country_code_picker/src/i18n/el.json":["packages/country_code_picker/src/i18n/el.json"],"packages/country_code_picker/src/i18n/en.json":["packages/country_code_picker/src/i18n/en.json"],"packages/country_code_picker/src/i18n/es.json":["packages/country_code_picker/src/i18n/es.json"],"packages/country_code_picker/src/i18n/et.json":["packages/country_code_picker/src/i18n/et.json"],"packages/country_code_picker/src/i18n/fa.json":["packages/country_code_picker/src/i18n/fa.json"],"packages/country_code_picker/src/i18n/fi.json":["packages/country_code_picker/src/i18n/fi.json"],"packages/country_code_picker/src/i18n/fr.json":["packages/country_code_picker/src/i18n/fr.json"],"packages/country_code_picker/src/i18n/gl.json":["packages/country_code_picker/src/i18n/gl.json"],"packages/country_code_picker/src/i18n/ha.json":["packages/country_code_picker/src/i18n/ha.json"],"packages/country_code_picker/src/i18n/he.json":["packages/country_code_picker/src/i18n/he.json"],"packages/country_code_picker/src/i18n/hi.json":["packages/country_code_picker/src/i18n/hi.json"],"packages/country_code_picker/src/i18n/hr.json":["packages/country_code_picker/src/i18n/hr.json"],"packages/country_code_picker/src/i18n/hu.json":["packages/country_code_picker/src/i18n/hu.json"],"packages/country_code_picker/src/i18n/hy.json":["packages/country_code_picker/src/i18n/hy.json"],"packages/country_code_picker/src/i18n/id.json":["packages/country_code_picker/src/i18n/id.json"],"packages/country_code_picker/src/i18n/is.json":["packages/country_code_picker/src/i18n/is.json"],"packages/country_code_picker/src/i18n/it.json":["packages/country_code_picker/src/i18n/it.json"],"packages/country_code_picker/src/i18n/ja.json":["packages/country_code_picker/src/i18n/ja.json"],"packages/country_code_picker/src/i18n/ka.json":["packages/country_code_picker/src/i18n/ka.json"],"packages/country_code_picker/src/i18n/kk.json":["packages/country_code_picker/src/i18n/kk.json"],"packages/country_code_picker/src/i18n/km.json":["packages/country_code_picker/src/i18n/km.json"],"packages/country_code_picker/src/i18n/ko.json":["packages/country_code_picker/src/i18n/ko.json"],"packages/country_code_picker/src/i18n/ku.json":["packages/country_code_picker/src/i18n/ku.json"],"packages/country_code_picker/src/i18n/ky.json":["packages/country_code_picker/src/i18n/ky.json"],"packages/country_code_picker/src/i18n/lt.json":["packages/country_code_picker/src/i18n/lt.json"],"packages/country_code_picker/src/i18n/lv.json":["packages/country_code_picker/src/i18n/lv.json"],"packages/country_code_picker/src/i18n/mk.json":["packages/country_code_picker/src/i18n/mk.json"],"packages/country_code_picker/src/i18n/ml.json":["packages/country_code_picker/src/i18n/ml.json"],"packages/country_code_picker/src/i18n/mn.json":["packages/country_code_picker/src/i18n/mn.json"],"packages/country_code_picker/src/i18n/ms.json":["packages/country_code_picker/src/i18n/ms.json"],"packages/country_code_picker/src/i18n/nb.json":["packages/country_code_picker/src/i18n/nb.json"],"packages/country_code_picker/src/i18n/nl.json":["packages/country_code_picker/src/i18n/nl.json"],"packages/country_code_picker/src/i18n/nn.json":["packages/country_code_picker/src/i18n/nn.json"],"packages/country_code_picker/src/i18n/no.json":["packages/country_code_picker/src/i18n/no.json"],"packages/country_code_picker/src/i18n/pl.json":["packages/country_code_picker/src/i18n/pl.json"],"packages/country_code_picker/src/i18n/ps.json":["packages/country_code_picker/src/i18n/ps.json"],"packages/country_code_picker/src/i18n/pt.json":["packages/country_code_picker/src/i18n/pt.json"],"packages/country_code_picker/src/i18n/ro.json":["packages/country_code_picker/src/i18n/ro.json"],"packages/country_code_picker/src/i18n/ru.json":["packages/country_code_picker/src/i18n/ru.json"],"packages/country_code_picker/src/i18n/sd.json":["packages/country_code_picker/src/i18n/sd.json"],"packages/country_code_picker/src/i18n/sk.json":["packages/country_code_picker/src/i18n/sk.json"],"packages/country_code_picker/src/i18n/sl.json":["packages/country_code_picker/src/i18n/sl.json"],"packages/country_code_picker/src/i18n/so.json":["packages/country_code_picker/src/i18n/so.json"],"packages/country_code_picker/src/i18n/sq.json":["packages/country_code_picker/src/i18n/sq.json"],"packages/country_code_picker/src/i18n/sr.json":["packages/country_code_picker/src/i18n/sr.json"],"packages/country_code_picker/src/i18n/sv.json":["packages/country_code_picker/src/i18n/sv.json"],"packages/country_code_picker/src/i18n/ta.json":["packages/country_code_picker/src/i18n/ta.json"],"packages/country_code_picker/src/i18n/tg.json":["packages/country_code_picker/src/i18n/tg.json"],"packages/country_code_picker/src/i18n/th.json":["packages/country_code_picker/src/i18n/th.json"],"packages/country_code_picker/src/i18n/tr.json":["packages/country_code_picker/src/i18n/tr.json"],"packages/country_code_picker/src/i18n/tt.json":["packages/country_code_picker/src/i18n/tt.json"],"packages/country_code_picker/src/i18n/ug.json":["packages/country_code_picker/src/i18n/ug.json"],"packages/country_code_picker/src/i18n/uk.json":["packages/country_code_picker/src/i18n/uk.json"],"packages/country_code_picker/src/i18n/ur.json":["packages/country_code_picker/src/i18n/ur.json"],"packages/country_code_picker/src/i18n/uz.json":["packages/country_code_picker/src/i18n/uz.json"],"packages/country_code_picker/src/i18n/vi.json":["packages/country_code_picker/src/i18n/vi.json"],"packages/country_code_picker/src/i18n/zh.json":["packages/country_code_picker/src/i18n/zh.json"],"packages/country_currency_pickers/assets/ad.png":["packages/country_currency_pickers/assets/ad.png"],"packages/country_currency_pickers/assets/ae.png":["packages/country_currency_pickers/assets/ae.png"],"packages/country_currency_pickers/assets/af.png":["packages/country_currency_pickers/assets/af.png"],"packages/country_currency_pickers/assets/ag.png":["packages/country_currency_pickers/assets/ag.png"],"packages/country_currency_pickers/assets/ai.png":["packages/country_currency_pickers/assets/ai.png"],"packages/country_currency_pickers/assets/al.png":["packages/country_currency_pickers/assets/al.png"],"packages/country_currency_pickers/assets/am.png":["packages/country_currency_pickers/assets/am.png"],"packages/country_currency_pickers/assets/an.png":["packages/country_currency_pickers/assets/an.png"],"packages/country_currency_pickers/assets/ao.png":["packages/country_currency_pickers/assets/ao.png"],"packages/country_currency_pickers/assets/aq.png":["packages/country_currency_pickers/assets/aq.png"],"packages/country_currency_pickers/assets/ar.png":["packages/country_currency_pickers/assets/ar.png"],"packages/country_currency_pickers/assets/as.png":["packages/country_currency_pickers/assets/as.png"],"packages/country_currency_pickers/assets/at.png":["packages/country_currency_pickers/assets/at.png"],"packages/country_currency_pickers/assets/au.png":["packages/country_currency_pickers/assets/au.png"],"packages/country_currency_pickers/assets/aw.png":["packages/country_currency_pickers/assets/aw.png"],"packages/country_currency_pickers/assets/ax.png":["packages/country_currency_pickers/assets/ax.png"],"packages/country_currency_pickers/assets/az.png":["packages/country_currency_pickers/assets/az.png"],"packages/country_currency_pickers/assets/ba.png":["packages/country_currency_pickers/assets/ba.png"],"packages/country_currency_pickers/assets/bb.png":["packages/country_currency_pickers/assets/bb.png"],"packages/country_currency_pickers/assets/bd.png":["packages/country_currency_pickers/assets/bd.png"],"packages/country_currency_pickers/assets/be.png":["packages/country_currency_pickers/assets/be.png"],"packages/country_currency_pickers/assets/bf.png":["packages/country_currency_pickers/assets/bf.png"],"packages/country_currency_pickers/assets/bg.png":["packages/country_currency_pickers/assets/bg.png"],"packages/country_currency_pickers/assets/bh.png":["packages/country_currency_pickers/assets/bh.png"],"packages/country_currency_pickers/assets/bi.png":["packages/country_currency_pickers/assets/bi.png"],"packages/country_currency_pickers/assets/bj.png":["packages/country_currency_pickers/assets/bj.png"],"packages/country_currency_pickers/assets/bl.png":["packages/country_currency_pickers/assets/bl.png"],"packages/country_currency_pickers/assets/bm.png":["packages/country_currency_pickers/assets/bm.png"],"packages/country_currency_pickers/assets/bn.png":["packages/country_currency_pickers/assets/bn.png"],"packages/country_currency_pickers/assets/bo.png":["packages/country_currency_pickers/assets/bo.png"],"packages/country_currency_pickers/assets/bq.png":["packages/country_currency_pickers/assets/bq.png"],"packages/country_currency_pickers/assets/br.png":["packages/country_currency_pickers/assets/br.png"],"packages/country_currency_pickers/assets/bs.png":["packages/country_currency_pickers/assets/bs.png"],"packages/country_currency_pickers/assets/bt.png":["packages/country_currency_pickers/assets/bt.png"],"packages/country_currency_pickers/assets/bv.png":["packages/country_currency_pickers/assets/bv.png"],"packages/country_currency_pickers/assets/bw.png":["packages/country_currency_pickers/assets/bw.png"],"packages/country_currency_pickers/assets/by.png":["packages/country_currency_pickers/assets/by.png"],"packages/country_currency_pickers/assets/bz.png":["packages/country_currency_pickers/assets/bz.png"],"packages/country_currency_pickers/assets/ca.png":["packages/country_currency_pickers/assets/ca.png"],"packages/country_currency_pickers/assets/cc.png":["packages/country_currency_pickers/assets/cc.png"],"packages/country_currency_pickers/assets/cd.png":["packages/country_currency_pickers/assets/cd.png"],"packages/country_currency_pickers/assets/cf.png":["packages/country_currency_pickers/assets/cf.png"],"packages/country_currency_pickers/assets/cg.png":["packages/country_currency_pickers/assets/cg.png"],"packages/country_currency_pickers/assets/ch.png":["packages/country_currency_pickers/assets/ch.png"],"packages/country_currency_pickers/assets/ci.png":["packages/country_currency_pickers/assets/ci.png"],"packages/country_currency_pickers/assets/ck.png":["packages/country_currency_pickers/assets/ck.png"],"packages/country_currency_pickers/assets/cl.png":["packages/country_currency_pickers/assets/cl.png"],"packages/country_currency_pickers/assets/cm.png":["packages/country_currency_pickers/assets/cm.png"],"packages/country_currency_pickers/assets/cn.png":["packages/country_currency_pickers/assets/cn.png"],"packages/country_currency_pickers/assets/co.png":["packages/country_currency_pickers/assets/co.png"],"packages/country_currency_pickers/assets/cr.png":["packages/country_currency_pickers/assets/cr.png"],"packages/country_currency_pickers/assets/cu.png":["packages/country_currency_pickers/assets/cu.png"],"packages/country_currency_pickers/assets/cv.png":["packages/country_currency_pickers/assets/cv.png"],"packages/country_currency_pickers/assets/cw.png":["packages/country_currency_pickers/assets/cw.png"],"packages/country_currency_pickers/assets/cx.png":["packages/country_currency_pickers/assets/cx.png"],"packages/country_currency_pickers/assets/cy.png":["packages/country_currency_pickers/assets/cy.png"],"packages/country_currency_pickers/assets/cz.png":["packages/country_currency_pickers/assets/cz.png"],"packages/country_currency_pickers/assets/de.png":["packages/country_currency_pickers/assets/de.png"],"packages/country_currency_pickers/assets/dj.png":["packages/country_currency_pickers/assets/dj.png"],"packages/country_currency_pickers/assets/dk.png":["packages/country_currency_pickers/assets/dk.png"],"packages/country_currency_pickers/assets/dm.png":["packages/country_currency_pickers/assets/dm.png"],"packages/country_currency_pickers/assets/do.png":["packages/country_currency_pickers/assets/do.png"],"packages/country_currency_pickers/assets/dz.png":["packages/country_currency_pickers/assets/dz.png"],"packages/country_currency_pickers/assets/ec.png":["packages/country_currency_pickers/assets/ec.png"],"packages/country_currency_pickers/assets/ee.png":["packages/country_currency_pickers/assets/ee.png"],"packages/country_currency_pickers/assets/eg.png":["packages/country_currency_pickers/assets/eg.png"],"packages/country_currency_pickers/assets/eh.png":["packages/country_currency_pickers/assets/eh.png"],"packages/country_currency_pickers/assets/er.png":["packages/country_currency_pickers/assets/er.png"],"packages/country_currency_pickers/assets/es.png":["packages/country_currency_pickers/assets/es.png"],"packages/country_currency_pickers/assets/et.png":["packages/country_currency_pickers/assets/et.png"],"packages/country_currency_pickers/assets/eu.png":["packages/country_currency_pickers/assets/eu.png"],"packages/country_currency_pickers/assets/fi.png":["packages/country_currency_pickers/assets/fi.png"],"packages/country_currency_pickers/assets/fj.png":["packages/country_currency_pickers/assets/fj.png"],"packages/country_currency_pickers/assets/fk.png":["packages/country_currency_pickers/assets/fk.png"],"packages/country_currency_pickers/assets/fm.png":["packages/country_currency_pickers/assets/fm.png"],"packages/country_currency_pickers/assets/fo.png":["packages/country_currency_pickers/assets/fo.png"],"packages/country_currency_pickers/assets/fr.png":["packages/country_currency_pickers/assets/fr.png"],"packages/country_currency_pickers/assets/ga.png":["packages/country_currency_pickers/assets/ga.png"],"packages/country_currency_pickers/assets/gb-eng.png":["packages/country_currency_pickers/assets/gb-eng.png"],"packages/country_currency_pickers/assets/gb-nir.png":["packages/country_currency_pickers/assets/gb-nir.png"],"packages/country_currency_pickers/assets/gb-sct.png":["packages/country_currency_pickers/assets/gb-sct.png"],"packages/country_currency_pickers/assets/gb-wls.png":["packages/country_currency_pickers/assets/gb-wls.png"],"packages/country_currency_pickers/assets/gb.png":["packages/country_currency_pickers/assets/gb.png"],"packages/country_currency_pickers/assets/gd.png":["packages/country_currency_pickers/assets/gd.png"],"packages/country_currency_pickers/assets/ge.png":["packages/country_currency_pickers/assets/ge.png"],"packages/country_currency_pickers/assets/gf.png":["packages/country_currency_pickers/assets/gf.png"],"packages/country_currency_pickers/assets/gg.png":["packages/country_currency_pickers/assets/gg.png"],"packages/country_currency_pickers/assets/gh.png":["packages/country_currency_pickers/assets/gh.png"],"packages/country_currency_pickers/assets/gi.png":["packages/country_currency_pickers/assets/gi.png"],"packages/country_currency_pickers/assets/gl.png":["packages/country_currency_pickers/assets/gl.png"],"packages/country_currency_pickers/assets/gm.png":["packages/country_currency_pickers/assets/gm.png"],"packages/country_currency_pickers/assets/gn.png":["packages/country_currency_pickers/assets/gn.png"],"packages/country_currency_pickers/assets/gp.png":["packages/country_currency_pickers/assets/gp.png"],"packages/country_currency_pickers/assets/gq.png":["packages/country_currency_pickers/assets/gq.png"],"packages/country_currency_pickers/assets/gr.png":["packages/country_currency_pickers/assets/gr.png"],"packages/country_currency_pickers/assets/gs.png":["packages/country_currency_pickers/assets/gs.png"],"packages/country_currency_pickers/assets/gt.png":["packages/country_currency_pickers/assets/gt.png"],"packages/country_currency_pickers/assets/gu.png":["packages/country_currency_pickers/assets/gu.png"],"packages/country_currency_pickers/assets/gw.png":["packages/country_currency_pickers/assets/gw.png"],"packages/country_currency_pickers/assets/gy.png":["packages/country_currency_pickers/assets/gy.png"],"packages/country_currency_pickers/assets/hk.png":["packages/country_currency_pickers/assets/hk.png"],"packages/country_currency_pickers/assets/hm.png":["packages/country_currency_pickers/assets/hm.png"],"packages/country_currency_pickers/assets/hn.png":["packages/country_currency_pickers/assets/hn.png"],"packages/country_currency_pickers/assets/hr.png":["packages/country_currency_pickers/assets/hr.png"],"packages/country_currency_pickers/assets/ht.png":["packages/country_currency_pickers/assets/ht.png"],"packages/country_currency_pickers/assets/hu.png":["packages/country_currency_pickers/assets/hu.png"],"packages/country_currency_pickers/assets/id.png":["packages/country_currency_pickers/assets/id.png"],"packages/country_currency_pickers/assets/ie.png":["packages/country_currency_pickers/assets/ie.png"],"packages/country_currency_pickers/assets/il.png":["packages/country_currency_pickers/assets/il.png"],"packages/country_currency_pickers/assets/im.png":["packages/country_currency_pickers/assets/im.png"],"packages/country_currency_pickers/assets/in.png":["packages/country_currency_pickers/assets/in.png"],"packages/country_currency_pickers/assets/io.png":["packages/country_currency_pickers/assets/io.png"],"packages/country_currency_pickers/assets/iq.png":["packages/country_currency_pickers/assets/iq.png"],"packages/country_currency_pickers/assets/ir.png":["packages/country_currency_pickers/assets/ir.png"],"packages/country_currency_pickers/assets/is.png":["packages/country_currency_pickers/assets/is.png"],"packages/country_currency_pickers/assets/it.png":["packages/country_currency_pickers/assets/it.png"],"packages/country_currency_pickers/assets/je.png":["packages/country_currency_pickers/assets/je.png"],"packages/country_currency_pickers/assets/jm.png":["packages/country_currency_pickers/assets/jm.png"],"packages/country_currency_pickers/assets/jo.png":["packages/country_currency_pickers/assets/jo.png"],"packages/country_currency_pickers/assets/jp.png":["packages/country_currency_pickers/assets/jp.png"],"packages/country_currency_pickers/assets/ke.png":["packages/country_currency_pickers/assets/ke.png"],"packages/country_currency_pickers/assets/kg.png":["packages/country_currency_pickers/assets/kg.png"],"packages/country_currency_pickers/assets/kh.png":["packages/country_currency_pickers/assets/kh.png"],"packages/country_currency_pickers/assets/ki.png":["packages/country_currency_pickers/assets/ki.png"],"packages/country_currency_pickers/assets/km.png":["packages/country_currency_pickers/assets/km.png"],"packages/country_currency_pickers/assets/kn.png":["packages/country_currency_pickers/assets/kn.png"],"packages/country_currency_pickers/assets/kp.png":["packages/country_currency_pickers/assets/kp.png"],"packages/country_currency_pickers/assets/kr.png":["packages/country_currency_pickers/assets/kr.png"],"packages/country_currency_pickers/assets/kw.png":["packages/country_currency_pickers/assets/kw.png"],"packages/country_currency_pickers/assets/ky.png":["packages/country_currency_pickers/assets/ky.png"],"packages/country_currency_pickers/assets/kz.png":["packages/country_currency_pickers/assets/kz.png"],"packages/country_currency_pickers/assets/la.png":["packages/country_currency_pickers/assets/la.png"],"packages/country_currency_pickers/assets/lb.png":["packages/country_currency_pickers/assets/lb.png"],"packages/country_currency_pickers/assets/lc.png":["packages/country_currency_pickers/assets/lc.png"],"packages/country_currency_pickers/assets/li.png":["packages/country_currency_pickers/assets/li.png"],"packages/country_currency_pickers/assets/lk.png":["packages/country_currency_pickers/assets/lk.png"],"packages/country_currency_pickers/assets/lr.png":["packages/country_currency_pickers/assets/lr.png"],"packages/country_currency_pickers/assets/ls.png":["packages/country_currency_pickers/assets/ls.png"],"packages/country_currency_pickers/assets/lt.png":["packages/country_currency_pickers/assets/lt.png"],"packages/country_currency_pickers/assets/lu.png":["packages/country_currency_pickers/assets/lu.png"],"packages/country_currency_pickers/assets/lv.png":["packages/country_currency_pickers/assets/lv.png"],"packages/country_currency_pickers/assets/ly.png":["packages/country_currency_pickers/assets/ly.png"],"packages/country_currency_pickers/assets/ma.png":["packages/country_currency_pickers/assets/ma.png"],"packages/country_currency_pickers/assets/mc.png":["packages/country_currency_pickers/assets/mc.png"],"packages/country_currency_pickers/assets/md.png":["packages/country_currency_pickers/assets/md.png"],"packages/country_currency_pickers/assets/me.png":["packages/country_currency_pickers/assets/me.png"],"packages/country_currency_pickers/assets/mf.png":["packages/country_currency_pickers/assets/mf.png"],"packages/country_currency_pickers/assets/mg.png":["packages/country_currency_pickers/assets/mg.png"],"packages/country_currency_pickers/assets/mh.png":["packages/country_currency_pickers/assets/mh.png"],"packages/country_currency_pickers/assets/mk.png":["packages/country_currency_pickers/assets/mk.png"],"packages/country_currency_pickers/assets/ml.png":["packages/country_currency_pickers/assets/ml.png"],"packages/country_currency_pickers/assets/mm.png":["packages/country_currency_pickers/assets/mm.png"],"packages/country_currency_pickers/assets/mn.png":["packages/country_currency_pickers/assets/mn.png"],"packages/country_currency_pickers/assets/mo.png":["packages/country_currency_pickers/assets/mo.png"],"packages/country_currency_pickers/assets/mp.png":["packages/country_currency_pickers/assets/mp.png"],"packages/country_currency_pickers/assets/mq.png":["packages/country_currency_pickers/assets/mq.png"],"packages/country_currency_pickers/assets/mr.png":["packages/country_currency_pickers/assets/mr.png"],"packages/country_currency_pickers/assets/ms.png":["packages/country_currency_pickers/assets/ms.png"],"packages/country_currency_pickers/assets/mt.png":["packages/country_currency_pickers/assets/mt.png"],"packages/country_currency_pickers/assets/mu.png":["packages/country_currency_pickers/assets/mu.png"],"packages/country_currency_pickers/assets/mv.png":["packages/country_currency_pickers/assets/mv.png"],"packages/country_currency_pickers/assets/mw.png":["packages/country_currency_pickers/assets/mw.png"],"packages/country_currency_pickers/assets/mx.png":["packages/country_currency_pickers/assets/mx.png"],"packages/country_currency_pickers/assets/my.png":["packages/country_currency_pickers/assets/my.png"],"packages/country_currency_pickers/assets/mz.png":["packages/country_currency_pickers/assets/mz.png"],"packages/country_currency_pickers/assets/na.png":["packages/country_currency_pickers/assets/na.png"],"packages/country_currency_pickers/assets/nc.png":["packages/country_currency_pickers/assets/nc.png"],"packages/country_currency_pickers/assets/ne.png":["packages/country_currency_pickers/assets/ne.png"],"packages/country_currency_pickers/assets/nf.png":["packages/country_currency_pickers/assets/nf.png"],"packages/country_currency_pickers/assets/ng.png":["packages/country_currency_pickers/assets/ng.png"],"packages/country_currency_pickers/assets/ni.png":["packages/country_currency_pickers/assets/ni.png"],"packages/country_currency_pickers/assets/nl.png":["packages/country_currency_pickers/assets/nl.png"],"packages/country_currency_pickers/assets/no.png":["packages/country_currency_pickers/assets/no.png"],"packages/country_currency_pickers/assets/np.png":["packages/country_currency_pickers/assets/np.png"],"packages/country_currency_pickers/assets/nr.png":["packages/country_currency_pickers/assets/nr.png"],"packages/country_currency_pickers/assets/nu.png":["packages/country_currency_pickers/assets/nu.png"],"packages/country_currency_pickers/assets/nz.png":["packages/country_currency_pickers/assets/nz.png"],"packages/country_currency_pickers/assets/om.png":["packages/country_currency_pickers/assets/om.png"],"packages/country_currency_pickers/assets/pa.png":["packages/country_currency_pickers/assets/pa.png"],"packages/country_currency_pickers/assets/pe.png":["packages/country_currency_pickers/assets/pe.png"],"packages/country_currency_pickers/assets/pf.png":["packages/country_currency_pickers/assets/pf.png"],"packages/country_currency_pickers/assets/pg.png":["packages/country_currency_pickers/assets/pg.png"],"packages/country_currency_pickers/assets/ph.png":["packages/country_currency_pickers/assets/ph.png"],"packages/country_currency_pickers/assets/pk.png":["packages/country_currency_pickers/assets/pk.png"],"packages/country_currency_pickers/assets/pl.png":["packages/country_currency_pickers/assets/pl.png"],"packages/country_currency_pickers/assets/pm.png":["packages/country_currency_pickers/assets/pm.png"],"packages/country_currency_pickers/assets/pn.png":["packages/country_currency_pickers/assets/pn.png"],"packages/country_currency_pickers/assets/pr.png":["packages/country_currency_pickers/assets/pr.png"],"packages/country_currency_pickers/assets/ps.png":["packages/country_currency_pickers/assets/ps.png"],"packages/country_currency_pickers/assets/pt.png":["packages/country_currency_pickers/assets/pt.png"],"packages/country_currency_pickers/assets/pw.png":["packages/country_currency_pickers/assets/pw.png"],"packages/country_currency_pickers/assets/py.png":["packages/country_currency_pickers/assets/py.png"],"packages/country_currency_pickers/assets/qa.png":["packages/country_currency_pickers/assets/qa.png"],"packages/country_currency_pickers/assets/re.png":["packages/country_currency_pickers/assets/re.png"],"packages/country_currency_pickers/assets/ro.png":["packages/country_currency_pickers/assets/ro.png"],"packages/country_currency_pickers/assets/rs.png":["packages/country_currency_pickers/assets/rs.png"],"packages/country_currency_pickers/assets/ru.png":["packages/country_currency_pickers/assets/ru.png"],"packages/country_currency_pickers/assets/rw.png":["packages/country_currency_pickers/assets/rw.png"],"packages/country_currency_pickers/assets/sa.png":["packages/country_currency_pickers/assets/sa.png"],"packages/country_currency_pickers/assets/sb.png":["packages/country_currency_pickers/assets/sb.png"],"packages/country_currency_pickers/assets/sc.png":["packages/country_currency_pickers/assets/sc.png"],"packages/country_currency_pickers/assets/sd.png":["packages/country_currency_pickers/assets/sd.png"],"packages/country_currency_pickers/assets/se.png":["packages/country_currency_pickers/assets/se.png"],"packages/country_currency_pickers/assets/sg.png":["packages/country_currency_pickers/assets/sg.png"],"packages/country_currency_pickers/assets/sh.png":["packages/country_currency_pickers/assets/sh.png"],"packages/country_currency_pickers/assets/si.png":["packages/country_currency_pickers/assets/si.png"],"packages/country_currency_pickers/assets/sj.png":["packages/country_currency_pickers/assets/sj.png"],"packages/country_currency_pickers/assets/sk.png":["packages/country_currency_pickers/assets/sk.png"],"packages/country_currency_pickers/assets/sl.png":["packages/country_currency_pickers/assets/sl.png"],"packages/country_currency_pickers/assets/sm.png":["packages/country_currency_pickers/assets/sm.png"],"packages/country_currency_pickers/assets/sn.png":["packages/country_currency_pickers/assets/sn.png"],"packages/country_currency_pickers/assets/so.png":["packages/country_currency_pickers/assets/so.png"],"packages/country_currency_pickers/assets/sr.png":["packages/country_currency_pickers/assets/sr.png"],"packages/country_currency_pickers/assets/ss.png":["packages/country_currency_pickers/assets/ss.png"],"packages/country_currency_pickers/assets/st.png":["packages/country_currency_pickers/assets/st.png"],"packages/country_currency_pickers/assets/sv.png":["packages/country_currency_pickers/assets/sv.png"],"packages/country_currency_pickers/assets/sx.png":["packages/country_currency_pickers/assets/sx.png"],"packages/country_currency_pickers/assets/sy.png":["packages/country_currency_pickers/assets/sy.png"],"packages/country_currency_pickers/assets/sz.png":["packages/country_currency_pickers/assets/sz.png"],"packages/country_currency_pickers/assets/tc.png":["packages/country_currency_pickers/assets/tc.png"],"packages/country_currency_pickers/assets/td.png":["packages/country_currency_pickers/assets/td.png"],"packages/country_currency_pickers/assets/tf.png":["packages/country_currency_pickers/assets/tf.png"],"packages/country_currency_pickers/assets/tg.png":["packages/country_currency_pickers/assets/tg.png"],"packages/country_currency_pickers/assets/th.png":["packages/country_currency_pickers/assets/th.png"],"packages/country_currency_pickers/assets/tj.png":["packages/country_currency_pickers/assets/tj.png"],"packages/country_currency_pickers/assets/tk.png":["packages/country_currency_pickers/assets/tk.png"],"packages/country_currency_pickers/assets/tl.png":["packages/country_currency_pickers/assets/tl.png"],"packages/country_currency_pickers/assets/tm.png":["packages/country_currency_pickers/assets/tm.png"],"packages/country_currency_pickers/assets/tn.png":["packages/country_currency_pickers/assets/tn.png"],"packages/country_currency_pickers/assets/to.png":["packages/country_currency_pickers/assets/to.png"],"packages/country_currency_pickers/assets/tr.png":["packages/country_currency_pickers/assets/tr.png"],"packages/country_currency_pickers/assets/tt.png":["packages/country_currency_pickers/assets/tt.png"],"packages/country_currency_pickers/assets/tv.png":["packages/country_currency_pickers/assets/tv.png"],"packages/country_currency_pickers/assets/tw.png":["packages/country_currency_pickers/assets/tw.png"],"packages/country_currency_pickers/assets/tz.png":["packages/country_currency_pickers/assets/tz.png"],"packages/country_currency_pickers/assets/ua.png":["packages/country_currency_pickers/assets/ua.png"],"packages/country_currency_pickers/assets/ug.png":["packages/country_currency_pickers/assets/ug.png"],"packages/country_currency_pickers/assets/um.png":["packages/country_currency_pickers/assets/um.png"],"packages/country_currency_pickers/assets/us.png":["packages/country_currency_pickers/assets/us.png"],"packages/country_currency_pickers/assets/uy.png":["packages/country_currency_pickers/assets/uy.png"],"packages/country_currency_pickers/assets/uz.png":["packages/country_currency_pickers/assets/uz.png"],"packages/country_currency_pickers/assets/va.png":["packages/country_currency_pickers/assets/va.png"],"packages/country_currency_pickers/assets/vc.png":["packages/country_currency_pickers/assets/vc.png"],"packages/country_currency_pickers/assets/ve.png":["packages/country_currency_pickers/assets/ve.png"],"packages/country_currency_pickers/assets/vg.png":["packages/country_currency_pickers/assets/vg.png"],"packages/country_currency_pickers/assets/vi.png":["packages/country_currency_pickers/assets/vi.png"],"packages/country_currency_pickers/assets/vn.png":["packages/country_currency_pickers/assets/vn.png"],"packages/country_currency_pickers/assets/vu.png":["packages/country_currency_pickers/assets/vu.png"],"packages/country_currency_pickers/assets/wf.png":["packages/country_currency_pickers/assets/wf.png"],"packages/country_currency_pickers/assets/ws.png":["packages/country_currency_pickers/assets/ws.png"],"packages/country_currency_pickers/assets/xk.png":["packages/country_currency_pickers/assets/xk.png"],"packages/country_currency_pickers/assets/ye.png":["packages/country_currency_pickers/assets/ye.png"],"packages/country_currency_pickers/assets/yt.png":["packages/country_currency_pickers/assets/yt.png"],"packages/country_currency_pickers/assets/za.png":["packages/country_currency_pickers/assets/za.png"],"packages/country_currency_pickers/assets/zm.png":["packages/country_currency_pickers/assets/zm.png"],"packages/country_currency_pickers/assets/zw.png":["packages/country_currency_pickers/assets/zw.png"],"packages/cupertino_icons/assets/CupertinoIcons.ttf":["packages/cupertino_icons/assets/CupertinoIcons.ttf"],"packages/flutter_google_places/assets/google_black.png":["packages/flutter_google_places/assets/google_black.png"],"packages/flutter_google_places/assets/google_white.png":["packages/flutter_google_places/assets/google_white.png"],"packages/flutter_inappwebview/assets/t_rex_runner/t-rex.css":["packages/flutter_inappwebview/assets/t_rex_runner/t-rex.css"],"packages/flutter_inappwebview/assets/t_rex_runner/t-rex.html":["packages/flutter_inappwebview/assets/t_rex_runner/t-rex.html"],"packages/fluttertoast/assets/toastify.css":["packages/fluttertoast/assets/toastify.css"],"packages/fluttertoast/assets/toastify.js":["packages/fluttertoast/assets/toastify.js"],"packages/wakelock_plus/assets/no_sleep.js":["packages/wakelock_plus/assets/no_sleep.js"]}